{"buildTime":"2024-12-30T11:52:11.434Z","sources":[{"id":"DynastyScans","name":"Dynasty Scans","author":"Netsky","desc":"Extension that pulls manga from dynasty-scans.com.","website":"https://github.com/TheNetsky","contentRating":"ADULT","version":"2.0.1","icon":"icon.png","websiteBaseURL":"https://dynasty-scans.com","intents":21},{"id":"HentaiCosplay","name":"HentaiCosplay","author":"Netsky","desc":"Extension that pulls manga from hentai-cosplay-xxx.com","website":"https://github.com/TheNetsky","contentRating":"ADULT","version":"1.1.4","icon":"icon.png","tags":[{"text":"18+","type":"warning"}],"websiteBaseURL":"https://hentai-cosplay-xxx.com","intents":21},{"id":"HentaiHere","name":"HentaiHere","author":"Netsky","desc":"Extension that pulls manga from hentaihere.com","website":"https://github.com/TheNetsky","contentRating":"ADULT","version":"3.0.2","icon":"icon.png","tags":[{"text":"18+","type":"warning"}],"websiteBaseURL":"https://hentaihere.com","intents":21},{"id":"MangaDemon","name":"MangaDemon","author":"Netsky","desc":"Extension that pulls manga from demonicscans.org","website":"https://github.com/TheNetsky","contentRating":"MATURE","version":"1.1.3","icon":"icon.png","tags":[],"websiteBaseURL":"https://demonicscans.org","intents":21},{"id":"MangaFox","name":"MangaFox","author":"Netsky","desc":"Extension that pulls manga from fanfox.net","website":"https://github.com/TheNetsky","contentRating":"MATURE","version":"3.0.6","icon":"icon.png","tags":[],"websiteBaseURL":"https://fanfox.net","intents":21},{"id":"MangaHasu","name":"MangaHasu","author":"Netsky","desc":"Extension that pulls manga from mangahasu.se","website":"https://github.com/TheNetsky","contentRating":"MATURE","version":"2.0.7","icon":"icon.png","tags":[],"websiteBaseURL":"https://mangahasu.me","intents":21},{"id":"MangaHere","name":"MangaHere","author":"Netsky","desc":"Extension that pulls manga from mangahere.cc","website":"https://github.com/TheNetsky","contentRating":"MATURE","version":"3.0.5","icon":"icon.png","tags":[],"websiteBaseURL":"https://www.mangahere.cc","intents":21},{"id":"MangaKatana","name":"MangaKatana","author":"Netsky","desc":"Extension that pulls manga from mangakatana.com","website":"https://github.com/TheNetsky","contentRating":"MATURE","version":"3.0.3","icon":"icon.png","tags":[],"websiteBaseURL":"https://mangakatana.com","intents":21},{"id":"Mangahub","name":"Mangahub","author":"Netsky","desc":"Extension that pulls manga from mangahub.io","website":"https://github.com/TheNetsky","contentRating":"MATURE","version":"3.1.0","icon":"icon.png","tags":[{"text":"Buggy","type":"danger"}],"websiteBaseURL":"https://mangahub.io","intents":21},{"id":"McReader","name":"McReader","author":"Netsky","desc":"Extension that pulls manga from mcreader.net (Manga-Raw.club)","website":"https://github.com/TheNetsky","contentRating":"MATURE","version":"2.0.11","icon":"icon.png","tags":[],"websiteBaseURL":"https://www.mgeko.cc","intents":21},{"id":"Mitaku","name":"Mitaku","author":"Netsky","desc":"Extension that pulls manga from mitaku.net","website":"https://github.com/TheNetsky","contentRating":"ADULT","version":"1.0.4","icon":"icon.png","tags":[{"text":"18+","type":"warning"}],"websiteBaseURL":"https://mitaku.net","intents":21},{"id":"Ososedki","name":"Ososedki","author":"Netsky","desc":"Extension that pulls manga from ososedki.com","website":"https://github.com/TheNetsky","contentRating":"ADULT","version":"1.0.3","icon":"icon.png","tags":[{"text":"18+","type":"warning"}],"websiteBaseURL":"https://ososedki.com","intents":21},{"id":"ReadAllComics","name":"ReadAllComics","author":"Netsky","desc":"Extension that pulls manga from readallcomics.com","website":"https://github.com/TheNetsky","contentRating":"EVERYONE","version":"1.0.0","icon":"icon.png","websiteBaseURL":"https://readallcomics.com","intents":21},{"id":"ReadComicsOnline","name":"ReadComicsOnline","author":"Netsky","desc":"Extension that pulls comics from readcomicsonline.ru","website":"https://github.com/TheNetsky","contentRating":"MATURE","version":"2.0.4","icon":"icon.png","tags":[],"websiteBaseURL":"https://readcomicsonline.ru","intents":21}],"builtWith":{"toolchain":"0.8.7","types":"0.8.7"}}