{"buildTime":"2023-05-13T22:00:34.010Z","sources":[{"id":"ComicOnlineFree","name":"ComicOnlineFree","author":"Netsky","desc":"Extension that pulls comics from ComicOnlineFree.net","website":"https://github.com/TheNetsky","contentRating":"MATURE","version":"1.0.2","icon":"icon.png","tags":[{"text":"Notifications","type":"success"}],"websiteBaseURL":"https://comiconlinefree.net"},{"id":"MangaFox","name":"MangaFox","author":"Netsky","desc":"Extension that pulls manga from MangaHere.","website":"https://github.com/TheNetsky","contentRating":"MATURE","version":"2.0.9","icon":"icon.png","tags":[{"text":"Notifications","type":"success"}],"websiteBaseURL":"https://fanfox.net"},{"id":"MangaHasu","name":"MangaHasu","author":"Netsky","desc":"Extension that pulls manga from mangahasu.se","website":"https://github.com/TheNetsky","contentRating":"MATURE","version":"1.0.2","icon":"icon.png","tags":[{"text":"Notifications","type":"success"}],"websiteBaseURL":"https://mangahasu.se"},{"id":"MangaHere","name":"MangaHere","author":"Netsky","desc":"Extension that pulls manga from MangaHere.","website":"https://github.com/TheNetsky","contentRating":"MATURE","version":"2.0.9","icon":"icon.png","tags":[{"text":"Notifications","type":"success"}],"websiteBaseURL":"https://www.mangahere.cc"},{"id":"MangaJar","name":"MangaJar","author":"Netsky","desc":"Extension that pulls manga from MangaJar.","website":"https://github.com/TheNetsky","contentRating":"MATURE","version":"2.0.0","icon":"icon.png","tags":[{"text":"Notifications","type":"success"},{"text":"Buggy","type":"danger"}],"websiteBaseURL":"https://mangajar.com"},{"id":"MangaKatana","name":"MangaKatana","author":"Netsky","desc":"Extension that pulls manga from MangaKatana.","website":"https://github.com/TheNetsky","contentRating":"MATURE","version":"2.0.4","icon":"icon.png","tags":[{"text":"Notifications","type":"success"}],"websiteBaseURL":"https://mangakatana.com"},{"id":"McReader","name":"McReader","author":"Netsky","desc":"Extension that pulls manga from mcreader.net (Manga-Raw.club)","website":"https://github.com/TheNetsky","contentRating":"MATURE","version":"1.0.4","icon":"icon.png","tags":[{"text":"Notifications","type":"success"}],"websiteBaseURL":"https://www.mreader.co"},{"id":"ReadComicsOnline","name":"ReadComicsOnline","author":"Netsky","desc":"Extension that pulls comics from ReadComicsOnline.ru.","website":"https://github.com/TheNetsky","contentRating":"MATURE","version":"1.0.1","icon":"icon.png","tags":[{"text":"Notifications","type":"success"}],"websiteBaseURL":"https://readcomicsonline.ru"},{"id":"Readm","name":"Readm","author":"Netsky","desc":"Extension that pulls manga from Readm.","website":"https://github.com/TheNetsky","contentRating":"MATURE","version":"2.0.6","icon":"icon.png","tags":[{"text":"Notifications","type":"success"},{"text":"Cloudflare","type":"danger"}],"websiteBaseURL":"https://readm.org"}]}