{"buildTime":"2021-11-19T13:45:58.925Z","sources":[{"id":"Funmanga","name":"Funmanga","author":"Netsky","desc":"Extension that pulls manga from Funmanga.","website":"https://github.com/TheNetsky","version":"1.0.4","icon":"icon.png","tags":[{"text":"Notifications","type":"success"}],"websiteBaseURL":"https://www.funmanga.com"},{"id":"MangaBuddy","name":"MangaBuddy","author":"Netsky","desc":"Extension that pulls manga from MangaBuddy.","website":"https://github.com/TheNetsky","version":"1.0.1","icon":"icon.png","tags":[{"text":"Notifications","type":"success"}],"websiteBaseURL":"https://mangabuddy.com"},{"id":"MangaFast","name":"MangaFast","author":"Netsky","desc":"Extension that pulls manga from MangaFast.","website":"https://github.com/TheNetsky","version":"1.0.8","icon":"icon.png","tags":[{"text":"Notifications","type":"success"}],"websiteBaseURL":"https://mangafast.net"},{"id":"MangaFox2","name":"MangaFox2","author":"Netsky","desc":"Extension that pulls manga from Fanfox aka Mangafox.","website":"https://github.com/TheNetsky","version":"1.0.12","icon":"icon.png","tags":[{"text":"Notifications","type":"success"}],"websiteBaseURL":"https://fanfox.net"},{"id":"MangaHere","name":"MangaHere","author":"Netsky","desc":"Extension that pulls manga from MangaHere.","website":"https://github.com/TheNetsky","version":"1.0.12","icon":"icon.png","tags":[{"text":"Notifications","type":"success"}],"websiteBaseURL":"https://www.mangahere.cc"},{"id":"MangaJar","name":"MangaJar","author":"Netsky","desc":"Extension that pulls manga from MangaJar.","website":"https://github.com/TheNetsky","version":"1.0.7","icon":"icon.png","tags":[{"text":"Notifications","type":"success"}],"websiteBaseURL":"https://mangajar.com"},{"id":"MangaKatana","name":"MangaKatana","author":"Netsky","desc":"Extension that pulls manga from MangaKatana.","website":"https://github.com/TheNetsky","version":"1.0.6","icon":"icon.png","tags":[{"text":"Notifications","type":"success"}],"websiteBaseURL":"https://mangakatana.com"},{"id":"MangaRaw","name":"MangaRaw","author":"Netsky","desc":"Extension that pulls manga from MangaRaw.","website":"https://github.com/TheNetsky","version":"1.0.4","icon":"icon.png","tags":[{"text":"Notifications","type":"success"}],"websiteBaseURL":"https://www.manga-raw.club"},{"id":"Mangahub","name":"Mangahub","author":"Netsky","desc":"Extension that pulls manga from Mangahub.","website":"https://github.com/TheNetsky","version":"1.0.8","icon":"icon.png","tags":[{"text":"Notifications","type":"success"}],"websiteBaseURL":"https://mangahub.io"}]}